country,1989,1990,1991,1992,1993,1994,1995,1996,1997,1998,1999,2000,2001,2002,2003,2004,2005,2006,2007,2008,2009,2010,2011,2012,2013,2014,2015,2016,2017,2018
Aruba,0,0,0,0,0,0,0,0,0,0,0,0,0,0,0,0,0,0,0,0,11.3,12.1,14.9,14.9,15.1,14.9,,,,
Afghanistan,67.7,68,68,68.3,68.7,69,70.4,72.4,74.4,73.7,75,72.8,79.1,70.2,70.9,74.1,70.8,72,68.7,87.2,86,82.5,85.9,78.6,85.3,86.1,,,,
Angola,86.2,82.7,88.7,93.7,93.7,93.8,90,76.4,80.4,67,63.1,62.1,64.8,62.2,78.4,79.6,80.6,77.6,75.4,65.3,68,70.9,60.8,58,53.2,53.2,,,,
Albania,86.4,92.1,95.1,93.9,95.7,94,95.7,96.2,96.3,97.3,96.1,95.3,94,97.9,97.5,98.7,98.3,97.5,100,100,100,98.6,100,100,100,100,,,,
Andorra,100,100,100,100,100,100,100,100,100,100,100,100,100,100,98.9,98.8,94.6,75,80.1,76.5,88.7,86.5,86.7,88.8,89.4,86.1,,,,
United Arab Emirates,0,0,0,0,0,0,0,0,0,0,0,0,0,0,0,0,0,0,0,0,0,0,0,0.0941,0.258,0.232,,,,
Argentina,35.4,30.4,34.9,38.9,42.6,40.2,33.4,39.4,36.4,27.3,33.2,41.8,43.6,38,31.6,33.5,37.1,29.8,26.3,28.9,28.6,32.3,29.3,31.5,31.6,28.1,,,,
Armenia,15,16.2,33.8,68.2,62.1,34.5,25.3,23.1,24.8,21,21.2,16.8,30,36,33.1,28.1,30.7,31.5,31.2,35.7,39.5,33.5,28.9,28.2,25.8,28.3,,,,
American Samoa,0,0,0,0,0,0,0,0,0,0,0,0,0,0,0,0,0,0,0,0,0,0,0.702,0.703,0.701,0.885,,,,
Antigua and Barbuda,0,0,0,0,0,0,0,0,0,0,0,0,0,0,0,0,0,0,0,0,1.49,1.5,0,0,0,0,,,,
Australia,9.66,10.6,10.1,10.5,10.2,9.62,9.23,9.59,8.43,8.54,8.38,8.1,7.86,8.44,8.19,8.8,9.3,8.65,8.12,7.5,8.61,10.4,10.6,13.3,14.9,13.6,,,,
Austria,66.2,65.1,72.4,74.1,70.8,70.5,66.8,67.9,69.8,70.7,72.5,69.2,69,60.8,64.2,63.6,65.5,68.7,69.2,71.1,66.2,65.6,74.5,78,81.1,76.5,,,,
Azerbaijan,7.16,7.5,8.84,12.7,10.4,9.13,9,10.2,10.8,8.29,8.2,6.86,10.8,11.6,12.7,13.2,10.3,10.8,10.3,12.2,18.4,13.2,7.92,6.67,5.63,7.04,,,,
Burundi,98.2,98.5,98.1,98.2,98.3,98.3,98.3,98.4,98.2,98,98,98.3,98.5,98.1,97.9,98,97.9,98.3,98.2,96.4,87.7,90.9,98,87,80.7,82.7,,,,
Belgium,0.79,0.753,0.864,0.724,0.841,0.909,0.747,0.755,0.925,1.02,1.26,1.37,1.41,1.43,1.77,2.46,3.5,3.98,5.29,6.06,6.92,9.41,12.8,14.2,17.1,20.8,,,,
Benin,0,0,0,0,0,0,0,3.39,2.53,2.78,2.38,3.03,3.17,2.5,1.23,0.935,2.6,1.36,1.31,0.781,0.87,0,0,0,0,5.56,,,,
Burkina Faso,4.89,6.7,9.95,21.9,33.8,38.7,27,20.1,23.2,34.6,25.2,14.7,17.5,21.6,21.4,19.5,14.6,18.1,21.9,18.9,20.8,15.5,15.5,14.4,10.4,9.35,,,,
Bangladesh,11.4,10.1,8.95,6.6,8.66,3.44,6.44,6.06,6.71,5.76,4.75,5.71,4.01,3.8,3.03,2.83,2.54,2.42,2.78,1.12,1.79,1.97,1.6,1.95,1.32,1.23,,,,
Bulgaria,4.46,5.97,5.79,5.11,3.85,5.54,6.83,6.46,7.47,7.24,6.58,3.99,5.2,7.16,7.65,9.87,9.36,6.8,6.64,8.77,12.6,7.87,11.4,16.1,15.7,18,,,,
Bahrain,0,0,0,0,0,0,0,0,0,0,0,0,0,0,0,0,0,0,0,0,0,0,0,0,0,0,,,,
Bahamas,0,0,0,0,0,0,0,0,0,0,0,0,0,0,0,0,0,0,0,0,0,0,0,0,0,0,,,,
Bosnia and Herzegovina,20.9,37.3,52.2,71.1,81.5,82.8,70.2,53.1,50.2,54.5,48.8,48.7,48.8,40,47,47.6,44,34,32.8,39.8,46.9,28.7,29.9,41.5,36.7,35.5,,,,
Belarus,0.0506,0.0465,0.0452,0.0569,0.0605,0.0803,0.0674,0.0806,0.119,0.0717,0.103,0.12,0.11,0.105,0.109,0.12,0.119,0.157,0.208,0.346,0.373,0.429,0.555,0.844,0.723,0.816,,,,
Belize,0,0,0,0,0,27,40.1,41.3,41.5,45.5,70.1,69.1,67.1,41,43.1,44.1,84.8,82.3,94.7,79.3,63.4,62.9,49.2,55.8,50.7,45.2,,,,
Bermuda,0,0,0,0,0,0,0,0,0,0,0,0,0,0,0,0,0,0,0,0,0,0,0,0,0,0,,,,
Bolivia,52.4,58.9,54.1,58.3,48.2,43.3,45.5,46.5,43.3,47.4,51.5,54.8,53.9,47.1,48.7,41.3,41.9,41.7,41.4,39.5,34,34.2,32.3,32.2,28,31.4,,,,
Brazil,94.5,94.6,94.4,95.3,95.4,94.2,93.6,93,92.9,90,89.5,84.3,85.7,87.2,86,87.1,86.7,88.2,84.3,89,84.7,87.1,82.4,76.7,73.1,74,,,,
Barbados,0,0,0,0,0,0,0,0,0,0,0,0,0,0,0,0,0,0,0,0,0,0,0,0,0,0,,,,
Brunei,0,0,0,0,0,0,0,0,0,0,0,0,0,0,0,0,0,0,0,0,0,0.0537,0.0509,0.0454,0.0444,0.0476,,,,
Bhutan,99.6,99.7,99.9,99.9,99.9,100,100,100,100,100,100,100,100,99.9,99.9,99.9,100,100,100,100,100,100,100,100,100,100,,,,
Botswana,0,0,0,0,0,0,0,0,0,0,0,0,0,0,0,0,0,0,0,0,0,0,0,0.108,0.0432,0.0337,,,,
Central African Republic,81.1,80.9,81.3,80.4,79.2,79.4,78.8,78.8,78.8,78.5,78.5,76.9,76.9,76.4,83.3,83.8,83.8,85.1,85.1,85,84.4,84.5,84.7,99.3,99.4,99.4,,,,
Canada,62.4,61.4,61.7,61.7,60.4,61,63.1,62.4,60.4,61.2,60.6,58,59.9,58.9,58.4,60,59.5,60.3,61.5,62.9,61.4,62.3,63.2,63.3,62.8,63,,,,
Channel Islands,0,0,0,0,0,0,0,0,0,0,0,0,0,0,0,0,0,0,0,0,0,0,0,0,0,0,,,,
Switzerland,55,57.2,56.9,59.6,60.6,57.4,52.2,56,54.9,59.4,57,59.4,55.2,54.7,54.4,55.9,51.7,54.9,55.7,55.5,56.7,54.1,59.5,59.2,58,62.2,,,,
Chile,53.8,71,82.7,81.7,74.3,72.4,60.5,62.1,48.2,38,48.5,54.3,55.5,50.2,46.9,53.9,55.3,44.2,45.7,48.8,40.2,39.6,36.4,35.7,42.4,43.6,,,,
China,20.4,18.5,17.6,18.1,18.1,19.2,17.6,17.5,18.1,16.7,16.6,19,17.6,15,16.2,16.2,15.6,15.3,17.7,17.9,18.6,16.8,20,20.3,22.6,23.9,,,,
Cote d'Ivoire,66.7,69,56.6,50.2,49.7,60.5,54.7,46.6,34.2,36.4,36.8,36.8,32.7,36,33.7,27.2,28.7,34,34.8,37.5,28.3,30.1,26.4,21.9,23.9,16.7,,,,
Cameroon,98.5,98.6,98.7,98.9,98.8,98.9,98.9,98.8,98.4,98.8,98.9,98.1,96.4,95.8,95.4,94.2,88.8,74.8,75.8,70.7,73.2,75.3,75.4,75.3,75.3,76.1,,,,
"Congo, Dem. Rep.",99.6,99.6,99.7,99.7,99.7,99.7,99.7,99.6,99.6,99.5,99.9,99.9,99.9,99.9,99.9,99.9,99.4,98.9,98.7,98.9,98.9,98.9,99.9,99.9,99.9,99.8,,,,
"Congo, Rep.",99.4,100,99.1,99.2,99.4,99.4,99.6,99.6,99.4,85.6,99.7,100,100,85.7,83.1,82,82.1,82.3,81.3,61.2,54.7,61.2,58.1,56.8,54.7,53.3,,,,
Colombia,76.4,75.7,68.7,73.3,78.5,76.4,83,71.6,69.7,79.9,75.5,74.3,76.5,78.8,81.7,80.2,80.6,81.5,84,72.9,72.1,83.5,79.6,74,74,68.2,,,,
Comoros,0,0,0,0,0,0,0,0,0,0,0,0,0,0,0,0,0,0,0,0,0,0,0,0,0,0,,,,
Cape Verde,0,0,0,2.86,6.8,7.56,8.06,7.73,7.48,6.65,5.4,3.89,3.11,2.69,2.93,2.72,2.95,2.55,1.92,1.51,1.18,6.72,18.4,20.6,17.3,20.2,,,,
Costa Rica,97.5,94.9,82.8,89.9,90.1,82.7,90.7,97,91.9,97.8,99.1,98.5,98.4,97.9,99.2,96.7,93.9,92,92.9,95.2,93.3,91.2,91.8,88.3,89.8,99,,,,
Cuba,10.3,10.3,12.3,8.81,7.91,6.13,7.68,7.07,6.19,6.79,6.87,6.57,6.66,5.36,5.61,3.18,3.04,3.05,3.97,3.92,3.24,3.23,3.71,4.35,4.02,3.95,,,,
Cayman Islands,0,0,0,0,0,0,0,0,0,0,0,0,0,0,0,0,0,0,0,0,0,0,0,0,0,0,,,,
Cyprus,0,0,0,0,0,0,0,0,0,0,0,0,0,0,0,0.0228,0.0215,0.0616,0.295,0.594,1.37,3.61,5.45,7.62,7.29,8.78,,,,
Czech Republic,1.86,1.81,2.37,2.61,3.05,3.97,3.54,3.41,3.07,3.68,3.13,3.47,3.94,2.27,3.27,3.82,4.21,3.89,4.48,5.7,6.92,8.35,9.3,10.8,10.8,11.4,,,,
Germany,3.49,3.17,3.7,3.93,4.46,4.87,4.82,4.21,4.51,5.2,6.2,6.51,7.64,7.55,9.27,10.2,11.3,13.9,14.7,16.1,16.7,20.4,23,24.1,26.1,29.2,,,,
Djibouti,0,0,0,0,0,0,0,0,0,0,0,0,0,0,0,0,0,0,0,0,0,0,0,0,0,0,,,,
Dominica,53.3,51.6,51.6,51.6,50,51.8,60,51.5,47.1,43.2,41.6,33.4,44.9,36.3,29.5,23.5,22.8,17.5,15.9,17.3,19.7,29.7,22.3,25.5,20.8,16.2,,,,
Denmark,3.18,2.89,4.4,4.73,4.3,5.04,3.88,6.61,9.55,11.3,15.5,15.5,17.3,17.5,23.6,27.1,20.2,26.2,27.6,27.7,32,40.3,48.3,46,55.9,65.5,,,,
Dominican Republic,10.1,13.7,10,21.7,10.2,11.8,13.7,9.85,11.2,14.2,9.15,7.46,8.87,12.1,16.5,17.8,15.4,14.1,11.6,13,11.9,12.1,14.5,16.6,13.3,11.6,,,,
Algeria,0.838,1.69,1.09,1.82,0.835,0.979,0.654,0.349,0.924,0.82,0.212,0.259,0.206,0.896,0.803,1.64,0.619,0.608,0.703,0.795,0.38,0.98,1.08,0.551,0.395,0.323,,,,
Ecuador,78.5,72.8,69.1,78.4,80.6,61.2,67.9,63.1,59.7,69.6,71.7,64,63.3,62.2,57.6,55.1,51.7,56.5,61.1,50.8,45.5,55.6,54.9,49,49.2,52.8,,,,
Egypt,23.5,22.3,21.2,21.9,22.3,21.9,21,20.5,19.4,21.4,17.7,18.4,14.6,14.1,13,12.1,11.7,13.1,11.9,10.1,10,9.33,8.88,8.88,8.87,8.26,,,,
Eritrea,0,0,0,0,0,0,0,0.467,0.513,0.467,0.476,0.429,0.386,0.361,0.353,0.347,0.743,0.694,0.697,0.678,0.643,0.593,0.557,0.541,0.515,0.493,,,,
Spain,17.2,18,12.5,16.2,18.1,14.7,23.8,19.5,19.1,13.3,15.6,21.2,13.8,21.7,18.1,14.6,17.6,19.3,20,25.4,32.8,30,29.6,39.6,40.1,34.9,,,,
Estonia,0,0,0.00845,0.011,0.0328,0.092,0.0769,0.119,0.188,0.194,0.211,0.212,0.352,0.482,0.582,1.09,1.34,1.19,1.86,6.16,8.05,9.14,12.3,9.19,11.2,14.4,,,,
Ethiopia,88.4,89.5,92.7,91.3,93.3,93.5,94.2,97,97.1,98.8,98.6,99.1,99,99.3,99.3,99.6,99.7,95.4,87.6,88.9,99.4,99.4,99.8,99.9,100,100,,,,
Finland,29.5,31.4,34.8,31.8,27.8,30.5,25.6,29.1,34.8,30.5,33.4,28.9,26.5,22.6,29.9,33.2,27.3,29.9,35.9,30.1,30,32.9,40.6,36,38.6,44.5,,,,
Fiji,82.4,81.6,81.2,79.3,78.4,70.7,61.8,66.2,66.2,64.4,60.2,63.8,58.9,42.3,45,41.2,40.6,61.2,64.9,60.1,50.3,57.6,66.2,62.1,47.2,45,,,,
France,13.4,13.2,15.5,14.2,17.1,15.4,13.4,13.3,12.8,14.5,13,14.3,11.6,11.2,11.2,9.86,10.9,11.7,13,13.1,13.9,11.6,14.8,17,16.5,15.9,,,,
Faeroe Islands,35.5,36.9,42.2,41.2,43.8,44,39,42.1,40.8,35.1,36.2,33.2,40.7,35.7,41,44.5,44.6,44.6,39.5,39,28.9,39.1,37.9,38.4,50.8,60.1,,,,
"Micronesia, Fed. Sts.",0,0,0,0,0,0,0,0,0.223,0.222,0.225,0.222,0.204,0.197,0.208,0.268,0.284,0.291,0.614,0.86,0.872,1.08,1.06,1.49,1.53,1.6,,,,
Gabon,72.4,72.6,72.5,71.9,70.8,70.2,64,65,61,63.1,61.6,62.9,62.8,59.1,58.5,52.1,57.2,46.7,49.5,52,47.3,41.6,42.5,45,40.3,43.7,,,,
Isle of Man,0,0,0,0,0,0,0,0,0,0,0,0,2.1,1.6,1.74,0.598,0.885,0.454,0.636,0.638,0.603,0.622,1.49,0.794,0.794,0.833,,,,
United Kingdom,1.83,1.66,2.01,1.78,2.14,2.07,1.63,1.99,2.4,2.63,2.66,2.5,2.89,2.68,3.61,4.28,4.6,5.01,5.68,6.77,6.81,9.49,11.4,15,19.3,24.8,,,,
Georgia,55.2,57.1,58.3,63.1,61.4,63.8,83.5,84.4,83.1,83.8,78.9,79.9,93.2,91.1,87.4,85.8,72.9,81.8,84.7,86.6,92.5,77.4,74.5,82.2,80.4,78,,,,
Ghana,100,100,100,99.7,99.5,99.7,100,99.5,77.5,83.6,91.5,84.1,69.2,66.1,87.4,82.9,66.7,53.4,74.4,76.8,68.8,67.5,67.1,64,64.7,50.9,,,,
Gibraltar,0,0,0,0,0,0,0,0,0,0,0,0,0,0,0,0,0,0,0,0,0,0,0,0,0,0,,,,
Guinea,33.8,34,34.3,34.3,34.6,34.5,43.8,44.8,51.6,52.8,56,57.3,58.6,46.3,61.5,62.5,63.2,68.2,62.7,62.3,76.4,74.8,67.4,73.7,59.8,78.8,,,,
Gambia,0,0,0,0,0,0,0,0,0,0,0,0,0,0,0,0,0,0,0,0,0,0,0,0,0,0,,,,
Guinea-Bissau,0,0,0,0,0,0,0,0,0,0,0,0,0,0,0,0,0,0,0,0,0,0,0,0,0,0,,,,
Equatorial Guinea,6.87,10.5,14,15.6,18.2,20.6,22.6,25.9,20.6,17.5,13.9,41.9,41.9,39.4,32,24.5,19.6,15.1,12.2,10.9,3.41,3.41,3.41,4.35,57.8,57.8,,,,
Greece,5.09,8.68,5.94,6.11,6.53,8.63,10.3,9.05,8.2,9.63,7.76,5.52,6.63,10.2,10.1,10.8,12.8,7.33,9.14,13.4,18.3,13.8,16.7,25.1,24.2,28.7,,,,
Grenada,0,0,0,0,0,0,0,0,0,0,0,0,0,0,0,0,0,0,0,0,0,0,0,0,0,0,,,,
Greenland,0,0,0,26.6,60.4,60.2,60.2,56.9,58.4,58,57.4,55.5,58.4,58,57.8,58.3,56.3,56,55.3,63.3,71.4,74.8,75,79.8,81.2,81.3,,,,
Guatemala,91.6,89.6,62.8,66.3,65.3,66.4,68.6,68.2,55.7,57,51.7,48,41.7,49.2,44.8,47.5,52,47.6,55.4,49.1,63.8,64.4,66.9,67.2,68.6,60.4,,,,
Guam,0,0,0,0,0,0,0,0,0,0,0,0,0,0,0,0,0,0,0,0,0,0,0,0,0,0,,,,
Guyana,1.6,2,2.15,2.08,0.882,0.873,0.727,0.631,0.585,0,0,0,0,0,0,0,0,0,0,0,0,0,0,0,0,0,,,,
"Hong Kong, China",0,0,0,0,0,0,0,0,0,0,0,0,0,0,0,0,0.00259,0.00257,0.00263,0.00258,0.242,0.205,0.234,0.243,0.266,0.279,,,,
Honduras,98.3,98.6,93.6,88.1,77.8,61.3,66.5,66.5,56.3,62.1,61.9,49.3,40,39.2,30,32.9,36.9,37.6,38,44.8,47.8,46.8,49.3,46.8,43.8,42.3,,,,
Croatia,45.6,65.9,48.9,47.8,62,61.4,70.5,57.2,52.7,56.5,57.3,56.2,46.1,41.4,54.9,54.1,51.4,37.8,45.7,56,62.8,47,49.7,66.5,74,66.8,,,,
Haiti,79.4,74.6,75.9,75.3,82.9,51.1,45,33.1,46.2,58,51.7,47.6,47.5,47.7,47.5,47.7,47.5,32.9,37.2,28.7,30.2,12.8,20.1,13.4,8.71,8,,,,
Hungary,0.686,0.728,0.644,0.623,0.615,0.644,0.732,0.76,0.578,0.65,0.691,0.706,0.655,0.984,2.78,5.23,4.16,4.71,5.89,8.06,8.08,7.52,7.64,9.2,10.7,10.6,,,,
Indonesia,20.9,20.6,23.8,19.8,15.7,16.5,15.5,10.3,15.8,14.1,16,17.5,15,13.6,13.6,13.6,12.3,12.9,13.3,13.2,15.9,12,11.2,12.3,11.5,10.7,12.1,12.6,17,16.2
India,24.5,22.8,20.8,19.6,21.2,17.3,15.8,16,16.7,15.3,13.6,13.2,12.1,13.5,14.5,16.6,17.5,17.9,16.5,15.7,16,17.3,15.7,17.3,16.3,15.3,,,,
Ireland,4.9,5,5.21,4.83,5.58,4.14,4.03,4.11,5.6,5.16,5.01,4.17,5.56,4.58,5.53,7.31,9.13,10,12,14.7,13.2,20,19.4,22,24.8,28,,,,
Iran,10.3,11,13.9,12.9,9.09,8.58,8.13,7.09,6.8,4.42,3.04,3.91,5.73,7.23,6.39,9.08,9.54,8.89,2.42,3.37,4.16,5.12,4.99,5.71,5.2,5.1,,,,
Iraq,10.8,4.32,2.77,2.28,2,1.92,1.9,1.92,1.92,1.92,1.92,1.92,1.53,1.53,1.53,19.7,18,17.3,9.45,8.53,9.75,6.3,9.54,8.14,4.33,3.73,,,,
Iceland,99.9,99.8,99.9,99.9,99.9,99.8,99.9,99.9,99.9,99.9,99.9,100,99.9,99.9,100,99.9,100,100,100,100,100,100,100,100,100,100,,,,
Israel,0.0144,0.0279,0.115,0.0999,0.0809,0.0822,0.0738,0.0712,0.0659,0.0842,0.0727,0.0455,0.0703,0.0914,0.0825,0.0802,0.0495,0.0446,0.0561,0.18,0.29,0.504,0.768,0.931,1.51,1.89,,,,
Italy,16.4,20.8,20.6,20.6,21.1,17.5,19.3,18.7,18.3,19.8,18.8,20,17.4,16.4,18.2,16.3,16.5,15.5,18.6,24,25.8,27.6,31,38.9,43.4,38.7,,,,
Jamaica,7.57,6.74,4.48,5.25,5.51,5.16,5.88,5.93,4.92,4.83,4.84,3.46,2.25,2.52,3.28,3.69,3.95,4.97,6.14,7.37,7.69,8.73,10.9,9.84,9.8,10.3,,,,
Jordan,0.33,0.215,0.362,0.483,0.296,0.338,0.38,0.319,0.237,0.24,0.569,0.676,0.75,0.625,0.691,0.673,0.54,0.569,0.535,0.483,0.494,0.451,0.422,0.371,0.362,0.968,,,,
Japan,11.3,11.9,10.2,11.5,7.99,9.42,9.15,9.85,9.93,9.22,9.12,8.97,8.71,10,9.8,8.41,9.45,8.2,8.79,9.15,10.5,11.5,11.2,12.2,14.1,16,,,,
Kazakhstan,8.43,8.37,8.3,9.85,13.8,12.5,12.4,12.5,12.5,12.9,14.7,14.2,15.2,13.5,12,11.6,10.8,10.7,9.29,8.74,9.71,9.1,8.23,7.51,7.88,8.87,,,,
Kenya,92.9,95.3,95.7,96.4,94.3,89.8,90.5,83.4,82,66.4,47,66.6,78,83.6,75,71.7,70.3,71.6,63.1,55.3,69.1,66.9,74.8,69.3,81.5,87.5,,,,
Kyrgyz Republic,63.5,64,66.7,79.3,89.6,77.8,77.9,76.5,79.8,85.9,85.9,85.9,85.9,85.9,85.9,85.9,85.9,85.9,85.9,92.2,91.8,93.3,93.5,93.5,91.3,85.2,,,,
Cambodia,0,0,0,0,0,0,0,0,0,0,0.223,0.196,4.12,6.42,5.15,6.12,5.77,4.56,4.39,5.37,5.5,7.08,37.7,57.9,61.1,46.4,,,,
Kiribati,0,0,0,0,0,0,0,0,0,0,0,0,0,0,0,0,0,0,0,0,0,0,0,0,0,7.27,,,,
St. Kitts and Nevis,0,0,0,0,0,0,0,0,0,0,0,0,0,0,0,0,0,0,0,0,2.63,2.47,3.58,4.09,4.65,4.57,,,,
South Korea,6.04,3.08,2.49,2.96,1.45,1.66,1.4,1.3,2.01,1.81,1.42,1.38,1.04,1.49,1.26,1.04,0.999,1.07,0.986,1.04,1.25,1.44,1.34,1.63,1.57,1.89,,,,
Kosovo,0,0,0,0,0,0,0,0,0,0,1.76,1.39,1.4,1.43,2.77,2.51,2.28,1.94,1.47,2.41,3.04,1.81,1.62,2.19,2.78,2.29,,,,
Kuwait,0,0,0,0,0,0,0,0,0,0,0,0,0,0,0,0,0,0,0,0,0,0,0,0,0,0,,,,
Lao,94.9,94.9,94.6,95.5,96.5,96.2,96.7,96.6,92.5,91.5,90.9,90.8,90.6,90.9,100,100,100,100,100,100,100,100,100,100,100,86.4,,,,
Lebanon,33.3,18.7,19.1,15.8,15.8,13.6,11.5,10.6,7.72,3.32,4.64,3.3,5.83,10.8,9.07,8.48,6.02,4.86,2.8,4.52,5.34,4.92,6.79,7.26,1.08,2.6,,,,
Liberia,0,0,0,0,0,0,0,0,0,0,0,0,0,0,0,0,0,0,0,0,0,0,0,0,0,0,,,,
Libya,0,0,0,0,0,0,0,0,0,0,0,0,0,0,0,0,0,0,0,0,0,0,0,0,0,0,,,,
St. Lucia,0,0,0,0,0,0,0,0,0,0,0,0,0,0,0,0,0,0,0,0,0,0,0,0,0,0,,,,
Liechtenstein,0,0,0,0,0,0,0,0,0,0,0,0,0,0,0,0,0,95,94.5,94.2,94.6,94.6,95.7,96,94,96.9,,,,
Sri Lanka,99.8,92.3,81.9,95.4,93.2,92.7,71.8,67,68.9,67.5,45.8,46,38.2,42.9,36.1,37.2,49,40.1,41.5,39.3,53.1,40.8,29.2,59.9,39.2,48.5,,,,
Lesotho,0,0,0,0,0,0,0,0,0,100,100,100,100,100,100,100,100,100,100,100,100,100,100,100,100,100,,,,
Lithuania,1.46,1.15,1.68,2.82,4.63,2.76,2.01,2.06,2.43,3.17,3.06,2.28,2.07,1.76,2.28,3.19,3.6,4.31,4.52,4.67,18.2,26.2,26.1,36.2,40.7,39.4,,,,
Luxembourg,13.3,14,12.4,12.2,17.5,22,17,25.4,39.1,33.9,41,19.4,5.34,5.02,5.77,6.3,6.97,8.28,10.4,8.47,8.27,9.28,11.2,20,20.9,32.4,,,,
Latvia,67.6,58,65.8,73.3,74.4,73.8,59.5,65.6,74.5,67.1,68.3,66.3,62.5,58.8,68.2,69.6,57,59.3,60.9,63.9,54.9,50.5,66.6,56.9,54.5,50.2,,,,
"Macao, China",0,0,0,0,0,0,0,0,0,0,0,0,0,0,0,0,0,0,0,0,0,0,0,0,0,0,,,,
St. Martin (French part),0,0,0,0,0,0,0,0,0,0,0,0,0,0,0,0,0,0,0,0,0,0,0,0,0,0,,,,
Morocco,12.7,13.3,9.92,4.47,7.32,5.05,15.6,15.3,13.7,6.4,6.08,7.16,6.85,10,10.2,6.14,5.95,6,5.97,14,17.4,10.8,8.63,14.6,12.4,14.3,,,,
Monaco,0,0,0,0,0,0,0,0,0,0,0,0,0,0,0,0,0,0,0,0,0,0,0,0,0,0,,,,
Moldova,1.58,2.32,2,3.23,2.93,4.25,4.98,5.92,5.84,6.24,6.72,6.29,6.51,6.31,6.47,6.29,6.19,6.38,6.46,5.78,6.66,6.08,4.64,6.97,6.2,5.37,,,,
Madagascar,57.6,57.2,54,59.4,59,62.1,64.9,66.6,65.1,61.8,61.1,59.6,60.3,59.8,56.2,56.4,54.4,58.8,54.9,58.2,52.3,48,49.7,50.8,53.3,54.6,,,,
Maldives,0,0,0,0,0,0,0,0,0,0,0,0,0,0,0,0,0,0,0,0,0.316,0.335,0.602,0.329,0.608,1.28,,,,
Mexico,24.7,22.4,25.7,25.4,19,23.7,24.7,20,17.6,20.9,19.8,17.1,15.1,12.1,14.4,15.2,15.3,14.1,17.5,12.9,16.6,14.9,13.8,13.3,17.5,15.4,,,,
Marshall Islands,0,0,0,0,0,0,0,0,0,0,0,0,0,0,0,0,0,0,0,0,0,0,0.257,0.275,0.235,0.233,,,,
North Macedonia,8.53,14.7,14,10.1,11.7,13.1,12.8,13.4,15.4,20.2,17.2,9.84,12.4,20.4,22.2,21.5,23.6,15.5,13.3,18.6,33.5,21.2,16.7,26.1,24,35.9,,,,
Mali,74.1,71.9,75.8,73.6,78.6,72.1,63.3,58.6,32,30.7,30.4,38.9,45.2,51.5,51.5,50.6,48.8,46.7,45,72.5,53.8,52.6,57.5,64.8,42.9,43.5,,,,
Malta,0,0,0,0,0,0,0,0,0,0,0,0,0,0,0,0,0,0,0,0,0.0473,0.459,1.13,1.55,3.34,7.67,,,,
Myanmar,48.1,46.3,50.7,50.4,44.9,40,41.9,37.9,22.9,22.4,37,38.9,41.7,38.2,42.9,49.8,53.9,56.6,61.5,75.5,67.7,76.2,72.4,72,62.4,58.9,,,,
Montenegro,0,0,0,0,0,0,0,0,0,0,0,0,0,0,0,65.2,59.3,59.9,54.4,75,68.4,45.3,51.9,63.5,55.2,49.7,,,,
Mongolia,0,0,0,0,0,0,0,0,0,0,0,0,0,0,0,0,0,0,0,0,0,0,0,1.69,3.16,3.08,,,,
Northern Mariana Islands,0,0,0,0,0,0,0,0,0,0,0,0,0,0,0,0,0,0,0,0,0,0,0,0,0,0,,,,
Mozambique,62.6,68.6,78.1,87.8,92.7,92.9,94.3,97.2,99.6,99.7,99.5,99.6,99.7,99.7,99.6,99.8,99.9,99.9,99.9,99.9,99.9,99.9,99.9,97.7,91.2,86.4,,,,
Mauritania,10.6,10.3,10.1,9.88,10.1,8.22,8.07,8.09,8.23,0,0,0,0,0,0,0,0,0,0,0,0,0,0,4.8,5.06,13.4,,,,
Mauritius,31.2,30.1,32.7,27.7,22.8,26.8,25.9,24.5,27.6,20.8,29.6,28.7,27.6,27.2,27.3,25,22.3,22.4,23.2,23.6,24.3,20.2,20.7,20.6,20.3,22.7,,,,
Malawi,98.1,98,98,84.4,84.2,84.3,81.6,82.5,82.5,82.5,84.3,86,86,87.3,85.9,85.8,85.7,86.8,89.9,90.7,91.1,90.9,91.3,91,91.3,91.3,,,,
Malaysia,17.3,16.6,14.9,14,16.7,13.7,10.1,6.69,8,11.5,10.1,9.93,7.14,6.44,7.09,6.28,7.17,6.66,7.63,7.01,5.99,6.71,7.38,8.58,9.71,9.96,,,,
Namibia,0,95.2,98.2,82.9,76.9,96.8,95.6,95,97.4,96.7,99.2,100,99.6,99.9,99.1,99.8,94.1,97.8,88.7,94.6,95.6,98.2,97.8,95.6,99.1,97.8,,,,
New Caledonia,40.2,29.3,24.7,18.9,20.8,16.2,26.5,23.9,25,29.1,27.3,21.6,18.8,18.7,20.1,19,16.9,22.2,26.4,22.6,15,18.9,20.1,20.5,11.7,14.1,,,,
Niger,0,0,0,0,0,0,0,0,0,0,0,0,0,0,0,0.873,0.917,0.893,1.32,1.17,1.02,0,0,0.903,0.903,0.753,,,,
Nigeria,32.6,41.9,40.8,38.4,35.8,34.7,33.9,34.7,38.2,38.2,38.2,38.2,38.2,36.9,33.4,33,27.1,27.1,27.1,22.9,24.4,21.8,19.7,18.4,17.6,18.2,,,,
Nicaragua,61.4,60.3,50.9,57,48.5,45.4,43.5,41.8,27.8,27.4,21.4,19.8,24.6,27.1,27.7,34.6,30.1,29,35.5,30.9,37,34,42.8,52.3,53.9,50.1,,,,
Netherlands,1.12,1.26,1.29,1.43,1.58,1.73,2.13,2.33,2.56,2.89,3.32,3.53,4.14,4.09,5.24,7.45,8.15,7.21,8.86,9.53,9.39,10.8,12.1,12,11.3,12.4,,,,
Curaçao,0,0,0,0.88,0.824,0.793,0.784,0.766,0.72,0.719,0.714,2.92,2.79,2.71,2.64,2.56,2.63,2.55,2.58,2.47,2.42,2.42,3.49,3.54,3.59,3.71,,,,
Norway,99.8,99.8,99.8,99.8,99.6,99.7,99.5,99.6,99.6,99.6,99.7,99.5,99.6,99.4,99.4,99.5,99.3,99.1,99.4,96.6,95.7,96.5,98,97.7,97.7,97.7,,,,
Nepal,99.9,96.6,94.7,93.4,92,96.9,96.7,90.8,90.5,95.5,98.4,99,99.8,99.8,99.4,99.4,99.5,99.7,99.7,99.6,99.9,99.9,99.5,99.7,100,100,,,,
Nauru,0,0,0,0,0,0,0,0,0,0,0,0,0,0,0,0,0.61,0.498,0.513,0.469,0.442,0.433,0.422,0.412,0.398,0.398,,,,
New Zealand,80,77.2,72.6,77,82.1,83.9,79.1,70.1,75.6,69.5,71.5,63.6,69.5,66,72.1,64.2,64.5,65.6,64.3,71.7,73.2,76,71.9,74.3,79.2,80.1,,,,
Oman,0,0,0,0,0,0,0,0,0,0,0,0,0,0,0,0,0,0,0,0,0,0,0,0,0,0,,,,
Pakistan,44.9,44.6,43.3,38.4,42.7,40.7,35.3,35.5,34.3,29.3,25.2,26.2,29.5,33.3,30,33,32.5,30,30.3,29.5,33.7,30,31.1,31,31.1,31.4,,,,
Panama,85.3,74.4,66.7,74.3,72,69.1,79,72.2,51.6,68.9,70.4,49.2,64.6,51,66,64.3,60.2,57.7,62.1,56.7,57.1,52.7,62.9,57.9,55.8,65.3,,,,
Peru,76.8,80.3,74.9,80.4,81.1,80.3,77.9,74.4,75,77.1,82,85.5,82.9,81.7,72.9,72.3,73.3,66.7,60.1,60.6,57.7,56.8,55.3,53.9,52.4,52.7,,,,
Philippines,45.4,42.5,39.2,40.2,40,36.8,36.9,33.4,33.6,44.5,42.9,37.3,35.6,33.4,33.7,32.4,36,31.6,33.9,32.6,26.3,28.7,28.4,26.4,25.6,25.4,,,,
Palau,0,0,0,0,0,0,0,0,0,0,0,0,0,0,0,0,0,0,0,0,0,0,0,0,0,0,,,,
Papua New Guinea,33.1,33.1,33.1,33.1,62.4,55.3,53.6,43.7,40,55.1,47.1,34.6,32.3,29.2,24.4,28.9,32.6,38.8,38.5,39.2,38,37.9,37.3,35.8,34.5,34.5,,,,
Poland,1.1,1.14,1.24,1.18,1.34,1.43,1.46,1.51,1.8,1.68,1.63,1.94,1.94,1.5,2.1,2.48,2.67,3.42,4.27,5.74,6.93,8.05,10.4,10.4,12.5,13.8,,,,
Puerto Rico,1.75,1.79,1.77,0.797,0.254,0.533,0.737,0.465,0.516,0.725,0.733,0.942,0.949,1.09,0.572,0.553,0.569,0.666,0.675,0.734,0.574,0.673,0.699,1.39,1.63,1.84,,,,
North Korea,56.3,57,57.5,60.2,59.7,61.7,58.7,55.4,60,55.4,52.6,52.5,53.7,55.8,56.9,57.3,56.3,61.7,60.6,59.2,61.9,68.7,70.2,75.8,72.6,72.8,,,,
Portugal,34.7,33.1,18.6,30.5,37.1,28.3,45.9,41.7,36.4,20.1,29.7,34.1,21.3,38.1,27.5,17.9,32.4,34.6,32.2,37,52.8,46.5,42.5,58.3,60.7,47.5,,,,
Paraguay,100,100,100,100,100,99.7,100,100,100,100,100,100,100,100,100,100,100,100,100,100,100,100,100,100,100,100,,,,
Palestine,0,0,0,0,0,0,0,0,0,0,0,0,0,0,0,0,0,0,0,0,0,0,0,0,0,0,,,,
French Polynesia,18.6,18,28.7,29.4,29,36.1,35.2,35.2,46.9,34.5,33.3,24,22.7,26,28,28.5,30.5,32.4,29.8,29.1,34.2,30,28,27.2,31.7,32,,,,
Qatar,0,0,0,0,0,0,0,0,0,0,0,0,0,0,0,0,0,0,0,0,0,0,0,0,0,0,,,,
Romania,17.7,25.7,21.6,23,23.7,28.2,25.7,30.7,35.3,36.1,28.5,27.7,29.3,24.1,29.2,34,29.3,25.9,26.5,26.9,33.5,26.3,25.4,34.4,41.6,39.7,,,,
Russia,15.3,15.7,17,18.1,20,20.4,18.1,18.8,19.2,19,18.7,19.6,18.3,17.1,19,18.2,17.5,17.5,15.9,17.6,16.1,15.8,15.6,17.2,16.6,15.9,,,,
Rwanda,97.7,97.6,97.7,97.5,97.5,97.6,97.4,97.2,96.9,97,96.5,97.8,98,98.3,58.7,55.8,22.5,25.7,37.2,40,40,43.3,46.3,35.9,44.1,56.9,,,,
Saudi Arabia,0,0,0,0,0,0,0,0,0,0,0,0,0,0,0,0,0,0,0,0,0,0,0.00037,0.00035,0.00032,0.0003,,,,
Sudan,63.2,62.5,66.6,64.7,60.3,52.1,52.1,49,53.1,49.9,46,44.6,41.6,34.7,31.9,33,30.3,28.9,26.6,49.7,82.7,76.5,70.1,80.9,78.3,64.5,,,,
Senegal,4.66,4.54,4.28,4.34,4.21,4.06,3.91,3.72,3.62,3.58,3.3,3.28,12.9,18.3,14.9,12.7,11.8,8.32,9.78,10.2,10.7,10.7,9.83,10.4,10.4,10.4,,,,
Singapore,0.541,1.45,1.39,1.29,1.18,1.1,1.02,0.911,0.863,0.83,0.774,1.43,1.36,1.4,1.3,1.25,1.21,1.18,1.26,1.3,1.31,1.33,1.36,1.55,1.66,1.82,,,,
Solomon Islands,0,0,0,0,0,0,0,0,0,0,0,0,0,0,0,0,0,0,0,0,0,0,0,0,2.33,2.26,,,,
Sierra Leone,0,0,0,0,0,0,0,0,0,0,16.6,11,10.3,11.1,14.1,22.5,10.2,30,69,66.7,87.4,87.4,66.1,64.1,65.4,61,,,,
El Salvador,93.2,73.7,75.9,68.2,58.9,57.8,68.5,53.4,53.4,64.2,58.1,54.2,51.4,57.3,54.6,58.2,57.4,56.2,62.5,56.3,65,62.9,60.2,60.4,59.7,57.8,,,,
San Marino,0,0,0,0,0,0,0,0,0,0,0,0,0,0,0,0,0,0,0,0,0,0,0,0,0,0,,,,
Somalia,0,0,0,0,0,0,0,0,0,0,0,0,0,0,0,0,0,0,0,0,0,0,0,0,0,0,,,,
Serbia,23.1,28.9,31.1,32.4,32.4,35.4,40.9,34.1,34.1,41.1,35.1,35.4,33.5,27.9,29.5,33,30.1,27.5,26,27.9,31.8,22.8,25.7,26.1,33,26.9,,,,
South Sudan,0,0,0,0,0,0,0,0,0,0,0,0,0,0,0,0,0,0,0,0,0,0,0.449,0.424,0.41,0.606,,,,
Sao Tome and Principe,53.3,53.3,46.7,43.8,35.3,33.3,31.6,30,27.3,28.6,26.1,18.2,19.4,22.9,16.6,10.1,18.6,22.2,16.8,13.5,8.39,8.93,8.32,8.33,10.4,10.5,,,,
Suriname,0,0,0,0,0,0,0,0,0,0,88.4,86.6,79.4,72.6,65.6,52.7,66.9,74.1,77.9,76.8,70.2,60.6,63.2,59.9,62.3,60.1,,,,
Slovak Republic,7.37,5.8,8.34,14.4,17.1,18.5,16.6,16.2,16.6,15.9,15,15.9,16.8,11.6,13.5,14.9,15.4,17.7,15.9,18.9,21.6,17.7,19.3,22.3,22.9,22.7,,,,
Slovenia,23.7,28.3,27.7,25.4,26.4,25.2,28.1,23.5,25.1,28.4,28.7,26.7,23.4,22.3,27.6,23.6,24.5,22.5,26.3,29.9,29.2,24.4,27.8,32.3,38.5,29.4,,,,
Sweden,51,44.3,52.3,52.9,43,47.6,38.4,48.3,49.2,48.3,57.2,51.6,48.5,43.4,44.9,51.3,49.6,52,54.3,58.4,55.3,55.9,59.1,54,55.8,63.3,,,,
Eswatini,42.3,48.7,48.7,48.7,48.7,49.4,49.4,44.4,44.3,41.5,40.9,45.2,43.1,31.2,29.2,39.1,35.7,38.1,37.1,47.4,51.5,50.9,43.8,40.7,53.3,46.6,,,,
Sint Maarten (Dutch part),0,0,0,0,0,0,0,0,0,0,0,0,0,0,0,0,0,0,0,0,0,0,0,0,0,0,,,,
Seychelles,0,0,0,0,0,0,0,0,0,0,0,0,0,0,0,0,0,0,0,0,0,0,0,1.96,2.15,2.38,,,,
Syria,23.5,22,21,20.5,16.8,15.1,13.9,13.3,12.8,11.9,12.8,12.8,8.75,9.34,13,12.4,10.6,9,6.99,4.31,5.58,7.84,9.23,12,11.1,2.31,,,,
Turks and Caicos Islands,0,0,0,0,0,0,0,0,0,0,0,0,0,0,0,0,0,0,0,0,0,0,0,0,0,0,,,,
Chad,0,0,0,0,0,0,0,0,0,0,0,0,0,0,0,0,0,0,0,0,0,0,0,0,0,0,,,,
Togo,60.1,68.2,76.6,79.6,59.9,82.5,79.8,64.6,57.1,48.1,57.1,40.7,57.2,70.5,44.6,40.2,42.5,52,75.6,75,54.2,86.7,84.7,81.7,86.2,75.3,,,,
Thailand,11.3,9.14,7.42,5.84,6.34,8.74,9.13,8.09,6.11,4.89,6.81,6.64,7.48,7.22,5.82,5.54,6.92,6.91,6.6,6.9,5.61,8.05,8.39,8.28,8.51,8.54,,,,
Tajikistan,90.9,93.3,94.7,96.5,98.3,98.5,98.4,97.9,98.1,97.7,98.4,98.8,99.1,99,99.1,99.3,98.6,97.8,97.9,98.7,99.8,99.8,99.6,99.7,99,98.5,,,,
Turkmenistan,4.79,4.7,0.0303,0.0396,0.0381,0.0408,0.0495,0.0526,0.0637,0.0564,0,0,0,0,0,0,0,0,0,0,0,0,0,0,0,0,,,,
Timor-Leste,0,0,0,0,0,0,0,0,0,0,0,0,0,0,0,0,0,0,0,0,0,0,0,0,0,0,,,,
Tonga,0,0,0,0,0,0,0,0,0,0,0,0,0,0,0,0,0,0,0,0,0,0,0,3.85,4.58,5.91,,,,
Trinidad and Tobago,0.867,0.672,0.755,0.734,0.786,0.766,0.374,0.361,0.348,0.343,0.366,0.514,0.461,0.186,0.358,0.312,0.626,0.248,0.259,0.242,0,0,0,0,0,0,,,,
Tunisia,0.792,1.82,1.05,0.966,0.568,0.509,0.845,0.519,0.793,0.9,0.821,0.685,0.794,1.76,1.66,1.48,0.995,0.67,0.48,1.15,1.16,1,1.72,2.33,3.06,2.84,,,,
Turkey,40.4,37.8,39.6,46.2,39.2,41.6,42.9,38.9,38.3,30,24.9,19.8,26.2,25.3,30.7,24.5,25.3,19,17.3,19.6,26.4,25.3,27.2,28.8,20.9,32,,,,
Tuvalu,0,0,0,0,0,0,0,0,0,0,0,0,0,0,0,0,0,0,0,0,0,0,0,0,0,28.2,,,,
Tanzania,95.1,94.7,90.9,88.8,84.2,80,86.3,75.5,96.7,93.7,86.4,94.8,96.2,95.9,60.2,50,41.7,60.4,60.4,55.8,51.7,39.8,32.2,29.5,42.3,34.2,,,,
Uganda,99.4,99.4,99.4,99.4,99.5,99.5,99.6,99.6,99.5,99.6,99.6,99.6,99.6,99.7,99.9,96.4,76.7,72.3,70.8,59.6,54.8,61.1,87,96.3,91.4,93,,,,
Ukraine,3.52,4.21,3.12,4.81,5.98,5.14,4.72,5.54,9.12,8.33,6.59,6.97,5.56,5.14,6.47,6.67,6.69,5.39,6.14,6.98,7.09,5.75,5.66,7.8,5.59,4.38,,,,
Uruguay,94.9,87.9,89.8,92.2,98.8,93.5,87.1,91.2,96.1,77.1,93.4,99.8,99.7,99.9,81.6,87.5,64.9,87.1,60.9,68.7,87.6,72,61.7,80.9,90.7,88.6,,,,
United States,11.5,10.8,9.92,10.5,9.75,10.8,11.6,11,9.61,9.07,8.21,6.78,8.65,8.89,8.63,8.58,9.24,8.37,9,10.3,10.1,12.2,12,12.6,13,13.2,,,,
Uzbekistan,11.8,11.1,12.3,15,15,13,14.4,12.5,12.5,12.5,12.5,12.5,12.5,15.4,18,17.5,18,13.1,23,18.7,21,19.5,21.4,21.3,21.4,20.7,,,,
St. Vincent and the Grenadines,47.1,24.5,35.1,37.1,32.8,29.4,27.6,27.7,25.9,19.4,26.6,18.7,21.6,19.1,22.5,19.4,17.3,16.1,17,18.4,17.5,21.4,18,18,15.9,15.7,,,,
Venezuela,62.3,70.3,70.1,68.4,72,70.1,71.2,73.4,71.6,75.2,73.7,67.1,64.8,65.8,71.1,73.3,73.9,72.7,72.8,71.9,67.5,70.9,67.4,67.8,68.3,63.7,,,,
British Virgin Islands,0,0,0,0,0,0,0,0,0,0,0,0,0,0,0,0,0,0,0,0,0,0.81,0.816,1.02,1.29,1.29,,,,
Virgin Islands (U.S.),0,0,0,0,0,0,0,0,0,0,0,0,0,0,0,0,0,0,0,0,0,0.341,0.972,1.65,2.75,3.88,,,,
Vietnam,61.8,68.6,74.5,74.7,75.2,72.2,70.9,60.9,51.2,58.5,54.8,59.5,50.8,46.4,38.6,31.7,33.8,34.5,35.5,36.1,29.1,39.5,45,41.7,43,36.7,,,,
Vanuatu,0,0,0,0,0,0,0,0,0,0,0,0,0,3,3,3,3,3,19,19,19.1,15.9,15.4,15.1,15.3,21.3,,,,
Samoa,40,40,41.7,41.7,39.1,38.5,33.8,36.6,36.1,35.3,49.6,44.5,50,47.8,47.3,46.2,45.3,45,40.7,34.3,41,32.3,32.8,36.5,33.8,30.4,,,,
Yemen,0,0,0,0,0,0,0,0,0,0,0,0,0,0,0,0,0,0,0,0,0,0,0,0,0,0,,,,
South Africa,0.611,1.19,0.451,0.0842,0.596,0.285,0.691,1.08,0.9,0.461,0.677,1.1,1.21,0.418,0.508,0.665,1.27,0.443,0.588,0.694,0.948,0.918,0.603,0.609,1.29,2.26,,,,
Zambia,99.2,99.3,99.1,99.3,99.4,99.3,99.3,99.3,99.2,99.3,99.4,99.4,99.4,99.4,99.4,99.4,99.9,99.9,99.9,99.9,99.9,99.9,99.9,99.9,97.2,97,,,,
Zimbabwe,46.7,35.3,38.4,27.6,27.8,29.3,29.5,29.1,29.3,41,45.7,37.5,44.4,60.7,56.6,52.4,67.9,71.6,75.9,75.6,68,57.9,60.4,53.9,55.6,52.7,,,,
